id	claim_scope	value	numerator	denominator	configuration	source_path	source_key_or_line	limitations
sim_power_deep	Simulated-effects oracle power, deep, all selected methods, beta 0.2/0.4/0.8	split 0.227/0.580/0.853; unit 0.147/0.553/0.827; mixQTL published 0.007/0.420/0.693; tensorQTL 0.027/0.453/0.753; TReCASE 0.067/0.393/0.760; RASQUAL 0.027/0.293/0.640	called non-null gene-dataset units	150 non-null units per beta (50 genes x 3 datasets)	deep half-read; deepest pooled lead-p ranking cutoff with realised FDP <=0.05	/mnt/ssd/lalli/brainvar_hapmix_deploy/simulated_effects_half_read_20261001/report/plasmode_report.html	line 430 rendered oracle-power table	truth-informed oracle ranking; no power CI; RASQUAL/TReCASE use eigenMT score, not calibrated discovery p
sim_power_low	Simulated-effects oracle power, low coverage, all selected methods, beta 0.2/0.4/0.8	split 0.000/0.040/0.573; unit 0.000/0.040/0.493; mixQTL published 0.007/0.000/0.067; tensorQTL 0.000/0.033/0.280; TReCASE 0.000/0.027/0.420; RASQUAL 0.007/0.007/0.267	called non-null gene-dataset units	150 non-null units per beta (50 genes x 3 datasets)	low-coverage half-read; deepest pooled lead-p ranking cutoff with realised FDP <=0.05	/mnt/ssd/lalli/brainvar_hapmix_deploy/simulated_effects_lowcov_half_read_20261001/report/plasmode_report.html	line 430 rendered oracle-power table	truth-informed oracle ranking; no power CI; dependence across 3 replicate datasets per gene
precision_ratio	Split versus unit combined squared-error ratio at causal variant, beta 0.4, pipeline-scale arm-specific composite truth	deep 0.86313 [0.75390,0.98157]; low 0.99009 [0.93020,1.05019]	sum squared error, split against split's fitted-weight transformed-channel composite target	sum squared error, unit against unit's fitted-weight transformed-channel composite target; same causal units	shipped split (1/Va allelic, unit total); 150 causal units; gene-resampling CI	/mnt/ssd/lalli/brainvar_hapmix_deploy/simulated_effects_half_read_20261001/summary.json; /mnt/ssd/lalli/brainvar_hapmix_deploy/simulated_effects_lowcov_half_read_20261001/summary.json	.precision.beta0.4.split.combined.nonnull.ratio_vs_unit.all	pipeline ratio is not common-target MSE against generating beta: each arm's combined target uses its fitted channel weights; even ratio_vs_unit_count uses common channel truths with arm-specific weights
precision_null_ratio	Split versus unit combined squared-error ratio on beta-zero null genes, common zero target	deep 0.84017 [0.78890,0.88722]; low 0.90023 [0.87045,0.93173]	sum squared slope, split	sum squared slope, unit, over the same returned null-gene tests	beta0.0 anchor; gene-resampling CI	/mnt/ssd/lalli/brainvar_hapmix_deploy/simulated_effects_half_read_20261001/summary.json; /mnt/ssd/lalli/brainvar_hapmix_deploy/simulated_effects_lowcov_half_read_20261001/summary.json	.precision.beta0.0.split.combined.null.ratio_vs_unit.all	true target is zero for both arms; 487454 deep and 517376 low returned tests are correlated within genes and one permuted dataset per set
beta_recovery	Count-scale combined slope recovery, split, beta 0.4/0.8	deep 0.98268 [0.93654,1.03304] / 0.98584 [0.95997,1.01330]; low 0.92479 [0.84944,0.99703] / 0.94343 [0.90691,0.98078]	gene-resampled combined slope over simulated effect	150 causal gene-dataset units per beta	current half-read covariates; count-scale truth	/mnt/ssd/lalli/brainvar_hapmix_deploy/beta_recovery_current_20260930/recovery_corrected_null_store_20260925.json; /mnt/ssd/lalli/brainvar_hapmix_deploy/beta_recovery_current_20260930/recovery_stratum30_100.json	.result.beta0.4.combined.all; .result.beta0.8.combined.all	50 non-null genes per dataset x 3 datasets; units are not independent by gene and null membership varies by dataset
stored_null	Stored donor-record permutation null, split combined p<0.001	deep 0.0010723 [0.0009222,0.0012794]; low 0.0010186 [0.0009284,0.0011236]	rejections over stored permuted records	200 permutations x 100 genes; source records determine returned tests	Meier correction; haplotype-label swaps; gene-clustered 2,000-resample CI	/mnt/ssd/lalli/brainvar_hapmix_deploy/stored_null_half_read_20261001/summary.json; /mnt/ssd/lalli/brainvar_hapmix_deploy/stored_null_lowcov_half_read_20261002/summary.json	.rates.split.combined.all.after["0.001"]	permutations test pipeline machinery on these records; one shared permutation stream
gene_null	Gene-level null p<0.05 and BH any-call frequency	split deep 0.0498 (BH any 2/100); low 0.0472 (2/100); unit 0.0493 (4/100; 2/100); tensorQTL 0.0612 (12/100; 6/100)	genes below threshold; datasets with any BH call	100 all-null datasets x 100 genes per set	record permutation; BH q=0.05	/mnt/ssd/lalli/brainvar_hapmix_deploy/simulated_effects_half_read_20261001/gene_level_null/summary.json; /mnt/ssd/lalli/brainvar_hapmix_deploy/simulated_effects_lowcov_half_read_20261001/gene_level_null/summary.json	.arms.{split,unit,tensorqtl}.rates["0.05"]; .bh_any_call_share	checks permutation machinery, not calibration on real data; tensorQTL null differs (covariate-residualised phenotype)
anchor_null	Current all-null anchor, split combined nominal p rates	deep: 21633/487454=0.044380, 3818/487454=0.007833, 412/487454=0.000845 [0.000379,0.001531]; low: 25164/517376=0.048638, 4897/517376=0.009465, 771/517376=0.001490 [0.000811,0.002352]	rejections at p<0.05/0.01/0.001	487454 deep and 517376 low tested pairs	one beta0.0 record-permuted dataset per set; gene-clustered CI	/mnt/ssd/lalli/brainvar_hapmix_deploy/simulated_effects_half_read_20261001/summary.json; /mnt/ssd/lalli/brainvar_hapmix_deploy/simulated_effects_lowcov_half_read_20261001/summary.json	.null.beta0.0.split.combined.all["0.05"|"0.01"|"0.001"]	one permutation per set; tested pairs are correlated within genes and this is not a replicate-level calibration estimate
native_rasqual	Native RASQUAL subset retrospective ranking, beta 0.2/0.4/0.8	deep 32/150, 97/150, 128/150; low 0/150, 19/150, 87/150	causal gene-dataset pairs found	150 non-null pairs per beta; 52 variants/gene x 100 genes x 10 datasets subset	known-truth cutoff with realised FDP <=0.05; native alignment-count input	/mnt/ssd/lalli/brainvar_hapmix_deploy/simulated_effects_half_read_20261001/native/results_rasqual_subset/score.json; /mnt/ssd/lalli/brainvar_hapmix_deploy/simulated_effects_lowcov_half_read_20261001/native/results_rasqual_subset/score.json	.ranking.beta0.2/.beta0.4/.beta0.8.rasqual_native	retrospective truth-informed subset, not calibrated discovery or full-window scan; no power CIs
matched52_subset	Matched 52-variant subset ranking: default split and synthetic-SNP RASQUAL, beta 0.2/0.4/0.8	deep split 44/150,100/150,137/150; synthetic RASQUAL 11/150,66/150,124/150; low split 1/150,38/150,110/150; synthetic RASQUAL 1/150,14/150,78/150	causal gene-dataset pairs found	150 non-null pairs per beta; shared 52 variants/gene x 100 genes x 10 datasets subset	known-truth cutoff with realised FDP <=0.05; synthetic-SNP inputs for RASQUAL	/mnt/ssd/lalli/brainvar_hapmix_deploy/simulated_effects_half_read_20261001/native/results_rasqual_subset/score.json; /mnt/ssd/lalli/brainvar_hapmix_deploy/simulated_effects_lowcov_half_read_20261001/native/results_rasqual_subset/score.json	.ranking.beta0.2/.beta0.4/.beta0.8.{split,rasqual}.power	retrospective truth-informed subset, not calibrated discovery or full-window scan; no power CIs
native_rasqual_null	Native RASQUAL null returned-test share p<0.05	deep 249/4910 = 0.05071; low 194/4933 = 0.03933	p<0.05 returned tests	returned tests (intended 5,200; deep omits 238 nonconverged plus 52 RAB4B, low omits 267 nonconverged)	one all-null anchor per set	/mnt/ssd/lalli/brainvar_hapmix_deploy/simulated_effects_half_read_20261001/native/results_rasqual_subset/score.json; /mnt/ssd/lalli/brainvar_hapmix_deploy/simulated_effects_lowcov_half_read_20261001/native/results_rasqual_subset/score.json	.null.rasqual_native	conditional on returned tests; no gene-level calibration or native nonconvergence sensitivity
external_model	Separate TReCASE count-model simulation: split vs TReCASE matched-threshold power, folds 1.05/1.10/1.20	N=200: split 0.272/0.756/0.998, TReCASE 0.274/0.760/0.998; N=92: split 0.138/0.392/0.924, TReCASE 0.148/0.436/0.942	alternative replicate calls above each arm's empirical 95th-percentile null-statistic threshold	500 simulation replicates per N and fold	final half-read configuration; threshold resampling SE reported	/mnt/ssd/lalli/brainvar_hapmix_deploy/external_benchmark_half_read_20261002/summary.json	.by_N["200"|"92"].power["1.05"|"1.1"|"1.2"]["hapmixQTL split"|"TReCASE (joint)"].matched	separate count-model simulation, not independent external validation; quote resample SEs/differences, not fixed-threshold paired SEs
external_model_null	Separate TReCASE count-model simulation null p<0.05	N=200 split 26/500=0.052, TReCASE 27/500=0.054; N=92 split 29/500=0.058, TReCASE 25/500=0.050	null replicate rejections	500 null replicates per N	final half-read configuration	/mnt/ssd/lalli/brainvar_hapmix_deploy/external_benchmark_half_read_20261002/summary.json	.by_N["200"|"92"].type1["hapmixQTL split"|"TReCASE (joint)"]["0.05"]	separate count-model simulation, not independent external validation; Monte-Carlo mc_se 0.00975
exact_model	Combined-reference exact-model Meier corrected split rates at alpha 0.05/0.01/0.001, all donors	1.0048x / 1.0219x / 1.0305x nominal	pooled rejections	400 replicates x 200 variants; all-level gene pool	Gaussian phenotypes at real scales; split weights; Meier correction	/mnt/ssd/lalli/brainvar_hapmix_deploy/combined_reference_exact_model_20260927/summary.json	.rates.split.all.refs.Meier	model reference, not cohort-level empirical calibration
exact_model_15	Combined-reference exact Gaussian-model Meier corrected split ratios at alpha 0.05/0.01/0.001, 15 allelic donors	1.01732x / 1.04666x / 1.12276x nominal	pooled rejections	400 replicates x 200 variants; 95 genes at 15-donor level	Gaussian phenotypes at real scales; split weights; Meier correction	/mnt/ssd/lalli/brainvar_hapmix_deploy/combined_reference_exact_model_20260927/summary.json	.rates.split["15"].refs.Meier["0.05"|"0.01"|"0.001"].ratio	model reference, not cohort-level empirical calibration
salmon_split_half	Salmon split-half Va calibration, donor 100, stock draws, 3-10/10-30/30-100/>=100 reads	mean z^2 2.70/3.17/1.81/1.20	genes admitted in both halves	bands: 669/2248/2810/2406 genes; 8133 at >=3 reads, plus 29+36=65 below 3 (8198 total)	42,449,536 read pairs randomly split; Va includes q	/mnt/ssd/lalli/brainvar_hapmix_deploy/salmon_informative_reads_20260930/split_half/split_half_summary.tsv	config="0.01 / 1 (stock)", va="with q", band column	one donor and random error only; shared reference bias/phasing and association calibration untested
historical_replication	Historical referee replication cohort partition	92 discovery, 135 held out, 90 overlap with 225-donor cohort	donors	225 donor cohort	referee_replication_20260928 only	/mnt/ssd/lalli/brainvar_hapmix_deploy/referee_replication_20260928/facts.json	.cohort.discovery; .cohort.heldout; .cohort.overlap	historical only; includes plus_one arm and is excluded from current manuscript comparisons
